cau,chu_de
"Hệ thống thủy lực trên máy bay Boeing 737 cần kiểm tra áp suất thường xuyên.",Hàng không
"Áp suất dầu trong hệ thống thủy lực của phi cơ phải đảm bảo mức an toàn.",Hàng không
"Kỹ thuật viên tiến hành đo áp suất và kiểm tra rò rỉ thủy lực trên máy bay.",Hàng không
"Hỏng hóc van thủy lực trên máy bay có thể làm mất áp suất điều khiển cánh đuôi.",Hàng không
"Phi công phải kiểm tra mức nhiên liệu trước mỗi lần cất cánh.",Hàng không
"Lượng xăng dầu trong thùng chứa của máy bay cần được nạp đầy trước chuyến bay.",Hàng không
"Kiểm tra nhiên liệu phản lực là bước bắt buộc trước khi phi cơ rời sân bay.",Hàng không
"Cảnh báo cạn kiệt nhiên liệu trên bảng điều khiển buồng lái yêu cầu hạ cánh khẩn cấp.",Hàng không
"Đánh giá rủi ro tín dụng liên quan đến khả năng trả nợ của người vay.",Tài chính
"Điểm tín dụng của khách hàng phản ánh mức độ rủi ro khi ngân hàng cho vay vốn.",Tài chính
"Các khoản vay mua nhà ẩn chứa rủi ro tín dụng cao nếu người vay mất việc.",Tài chính
"Ngân hàng thương mại siết chặt quy trình đánh giá rủi ro đối với hồ sơ vay tín dụng.",Tài chính
"Thay đổi lãi suất ảnh hưởng trực tiếp đến giá trái phiếu.",Tài chính
"Giá trái phiếu chính phủ thường sụt giảm mạnh khi ngân hàng trung ương tăng lãi suất.",Tài chính
"Biến động của lãi suất thị trường tác động lớn đến tỷ suất sinh lời của trái phiếu.",Tài chính
"Nhà đầu tư trái phiếu cần theo dõi sát sao lộ trình điều chỉnh lãi suất định kỳ.",Tài chính
"Mạch bệnh nhân phải được ghi mỗi giờ trong phòng ICU.",Y tế
"Y tá theo dõi chỉ số mạch và nhịp tim của người bệnh tại phòng hồi sức tích cực.",Y tế
"Bệnh nhân nằm phòng ICU cần được đo mạch và huyết áp liên tục từng giờ.",Y tế
"Sự thay đổi đột ngột về mạch của bệnh nhân ICU sẽ kích hoạt hệ thống cảnh báo.",Y tế
"Khử trùng dụng cụ phẫu thuật ngăn ngừa nhiễm trùng bệnh viện.",Y tế
"Việc sát khuẩn triệt để các thiết bị mổ giúp giảm thiểu nguy cơ nhiễm trùng.",Y tế
"Nhiễm trùng sau phẫu thuật thường do dụng cụ y tế không được tiệt trùng đúng cách.",Y tế
"Quy trình vô trùng dao mổ kéo mổ là bắt buộc để tránh lây nhiễm khuẩn bệnh viện.",Y tế
"Học tập qua dự án giúp học sinh hứng thú hơn.",Giáo dục
"Phương pháp học theo dự án thực tế kích thích tinh thần tự học của học sinh.",Giáo dục
"Học sinh tỏ ra hào hứng và chủ động hơn khi tham gia các dự án nhóm trên lớp.",Giáo dục
"Triển khai mô hình dạy học qua dự án giúp học sinh phát triển kỹ năng mềm.",Giáo dục
"Đánh giá quá trình giúp giáo viên điều chỉnh bài giảng.",Giáo dục
"Giáo viên dựa vào kết quả đánh giá thường xuyên để thay đổi phương pháp giảng dạy.",Giáo dục
"Hoạt động đánh giá quá trình học tập giúp thầy cô tối ưu hóa nội dung bài giảng.",Giáo dục
"Bài giảng của giáo viên sẽ được điều chỉnh linh hoạt sau mỗi bài kiểm tra tiến độ.",Giáo dục
